{
  "status": "Success",
  "data": [
    {
      "_id": "63eb3c5af7ec2bc366654b88",
      "countryName": "IND",
      "groups": [
        [
          {
            "_id": "63f70c3dda8386d718d2c24c",
            "customerID": "63e7521cd7cf295bf793a466",
            "countryID": "63eb3c5af7ec2bc366654b88",
            "sellerID": "63e7521cd7cf295bf793a466",
            "foodTypeID": "63e7521cd7cf295bf793a466",
            "categoryID": "63e72db7f295d85c4446d648",
            "foodName": "Go",
            "foodSlug": "http",
            "foodImage": "img",
            "foodThumb": "thum",
            "foodVideo": "url",
            "foodQty": "4",
            "foodPrice": "550",
            "foodDiscountPrice": "120",
            "foodDiscountPercentage": "30",
            "foodDiscountStartDate": "Wednesday, February 8, 2023",
            "foodDiscountEndDate": "Wednesday, February 8, 2023",
            "foodPortionSize": 7,
            "foodPortionSizeUnit": "20",
            "foodMinimumOrderQty": "45",
            "foodAdditionalInfo": "ointro",
            "foodAdditionalTags": ["A", "B", "C"],
            "foodExpiryTime": "Wednesday, February 8, 2023",
            "foodAvailableDays": ["A", "B", "C"],
            "foodAvailableSameDaysEachWeek": true,
            "foodOrderBeforeTime": "Wednesday, February 8, 2023",
            "foodRating": "5",
            "status": true,
            "foodLabel": ["A", "B", "C"],
            "customerRequestedFoodQty": "23",
            "customerDesireDeliveryDate": "Wednesday, February 8, 2023",
            "customerDesireDeliveryTime": "Wednesday, February 8, 2023",
            "createdBy": "Rahul",
            "updatedBy": "Raj",
            "BSR": 1,
            "createdDate": "2023-02-23T06:46:50.922Z",
            "updatedDate": "2023-02-23T06:46:50.922Z"
          },
          {
            "_id": "63f70c4bda8386d718d2c24e",
            "customerID": "63e7521cd7cf295bf793a466",
            "countryID": "63eb3c5af7ec2bc366654b88",
            "sellerID": "63e7521cd7cf295bf793a466",
            "foodTypeID": "63e7521cd7cf295bf793a466",
            "categoryID": "63e72db7f295d85c4446d648",
            "foodName": "Go",
            "foodSlug": "http",
            "foodImage": "img",
            "foodThumb": "thum",
            "foodVideo": "url",
            "foodQty": "4",
            "foodPrice": "550",
            "foodDiscountPrice": "120",
            "foodDiscountPercentage": "30",
            "foodDiscountStartDate": "Wednesday, February 8, 2023",
            "foodDiscountEndDate": "Wednesday, February 8, 2023",
            "foodPortionSize": 7,
            "foodPortionSizeUnit": "20",
            "foodMinimumOrderQty": "45",
            "foodAdditionalInfo": "ointro",
            "foodAdditionalTags": ["A", "B", "C"],
            "foodExpiryTime": "Wednesday, February 8, 2023",
            "foodAvailableDays": ["A", "B", "C"],
            "foodAvailableSameDaysEachWeek": true,
            "foodOrderBeforeTime": "Wednesday, February 8, 2023",
            "foodRating": "5",
            "status": true,
            "foodLabel": ["A", "B", "C"],
            "customerRequestedFoodQty": "23",
            "customerDesireDeliveryDate": "Wednesday, February 8, 2023",
            "customerDesireDeliveryTime": "Wednesday, February 8, 2023",
            "createdBy": "Rahul",
            "updatedBy": "Raj",
            "BSR": 1,
            "createdDate": "2023-02-23T06:46:50.922Z",
            "updatedDate": "2023-02-23T06:46:50.922Z"
          },
          {
            "_id": "63f70c4dda8386d718d2c250",
            "customerID": "63e7521cd7cf295bf793a466",
            "countryID": "63eb3c5af7ec2bc366654b88",
            "sellerID": "63e7521cd7cf295bf793a466",
            "foodTypeID": "63e7521cd7cf295bf793a466",
            "categoryID": "63e72db7f295d85c4446d648",
            "foodName": "Go",
            "foodSlug": "http",
            "foodImage": "img",
            "foodThumb": "thum",
            "foodVideo": "url",
            "foodQty": "4",
            "foodPrice": "550",
            "foodDiscountPrice": "120",
            "foodDiscountPercentage": "30",
            "foodDiscountStartDate": "Wednesday, February 8, 2023",
            "foodDiscountEndDate": "Wednesday, February 8, 2023",
            "foodPortionSize": 7,
            "foodPortionSizeUnit": "20",
            "foodMinimumOrderQty": "45",
            "foodAdditionalInfo": "ointro",
            "foodAdditionalTags": ["A", "B", "C"],
            "foodExpiryTime": "Wednesday, February 8, 2023",
            "foodAvailableDays": ["A", "B", "C"],
            "foodAvailableSameDaysEachWeek": true,
            "foodOrderBeforeTime": "Wednesday, February 8, 2023",
            "foodRating": "5",
            "status": true,
            "foodLabel": ["A", "B", "C"],
            "customerRequestedFoodQty": "23",
            "customerDesireDeliveryDate": "Wednesday, February 8, 2023",
            "customerDesireDeliveryTime": "Wednesday, February 8, 2023",
            "createdBy": "Rahul",
            "updatedBy": "Raj",
            "BSR": 1,
            "createdDate": "2023-02-23T06:46:50.922Z",
            "updatedDate": "2023-02-23T06:46:50.922Z"
          },
          {
            "_id": "63f70c4fda8386d718d2c252",
            "customerID": "63e7521cd7cf295bf793a466",
            "countryID": "63eb3c5af7ec2bc366654b88",
            "sellerID": "63e7521cd7cf295bf793a466",
            "foodTypeID": "63e7521cd7cf295bf793a466",
            "categoryID": "63e72db7f295d85c4446d648",
            "foodName": "Go",
            "foodSlug": "http",
            "foodImage": "img",
            "foodThumb": "thum",
            "foodVideo": "url",
            "foodQty": "4",
            "foodPrice": "550",
            "foodDiscountPrice": "120",
            "foodDiscountPercentage": "30",
            "foodDiscountStartDate": "Wednesday, February 8, 2023",
            "foodDiscountEndDate": "Wednesday, February 8, 2023",
            "foodPortionSize": 7,
            "foodPortionSizeUnit": "20",
            "foodMinimumOrderQty": "45",
            "foodAdditionalInfo": "ointro",
            "foodAdditionalTags": ["A", "B", "C"],
            "foodExpiryTime": "Wednesday, February 8, 2023",
            "foodAvailableDays": ["A", "B", "C"],
            "foodAvailableSameDaysEachWeek": true,
            "foodOrderBeforeTime": "Wednesday, February 8, 2023",
            "foodRating": "5",
            "status": true,
            "foodLabel": ["A", "B", "C"],
            "customerRequestedFoodQty": "23",
            "customerDesireDeliveryDate": "Wednesday, February 8, 2023",
            "customerDesireDeliveryTime": "Wednesday, February 8, 2023",
            "createdBy": "Rahul",
            "updatedBy": "Raj",
            "BSR": 1,
            "createdDate": "2023-02-23T06:46:50.922Z",
            "updatedDate": "2023-02-23T06:46:50.922Z"
          },
          {
            "_id": "63f712ce5943af567005ca18",
            "customerID": "63e7521cd7cf295bf793a466",
            "countryID": "63eb3c5af7ec2bc366654b88",
            "sellerID": "63e7521cd7cf295bf793a466",
            "foodTypeID": "63e7521cd7cf295bf793a466",
            "categoryID": "63e72db7f295d85c4446d648",
            "foodName": "Go",
            "foodSlug": "http",
            "foodImage": "img",
            "foodThumb": "thum",
            "foodVideo": "url",
            "foodQty": "4",
            "foodPrice": "550",
            "foodDiscountPrice": "120",
            "foodDiscountPercentage": "30",
            "foodDiscountStartDate": "Wednesday, February 8, 2023",
            "foodDiscountEndDate": "Wednesday, February 8, 2023",
            "foodPortionSize": 7,
            "foodPortionSizeUnit": "20",
            "foodMinimumOrderQty": "45",
            "foodAdditionalInfo": "ointro",
            "foodAdditionalTags": ["A", "B", "C"],
            "foodExpiryTime": "Wednesday, February 8, 2023",
            "foodAvailableDays": ["A", "B", "C"],
            "foodAvailableSameDaysEachWeek": true,
            "foodOrderBeforeTime": "Wednesday, February 8, 2023",
            "foodRating": "5",
            "status": true,
            "foodLabel": ["A", "B", "C"],
            "customerRequestedFoodQty": "23",
            "customerDesireDeliveryDate": "Wednesday, February 8, 2023",
            "customerDesireDeliveryTime": "Wednesday, February 8, 2023",
            "createdBy": "Rahul",
            "updatedBy": "Raj",
            "BSR": 1,
            "createdDate": "2023-02-23T07:02:40.575Z",
            "updatedDate": "2023-02-23T07:02:40.575Z"
          },
          {
            "_id": "63f712d05943af567005ca1a",
            "customerID": "63e7521cd7cf295bf793a466",
            "countryID": "63eb3c5af7ec2bc366654b88",
            "sellerID": "63e7521cd7cf295bf793a466",
            "foodTypeID": "63e7521cd7cf295bf793a466",
            "categoryID": "63e72db7f295d85c4446d648",
            "foodName": "Go",
            "foodSlug": "http",
            "foodImage": "img",
            "foodThumb": "thum",
            "foodVideo": "url",
            "foodQty": "4",
            "foodPrice": "550",
            "foodDiscountPrice": "120",
            "foodDiscountPercentage": "30",
            "foodDiscountStartDate": "Wednesday, February 8, 2023",
            "foodDiscountEndDate": "Wednesday, February 8, 2023",
            "foodPortionSize": 7,
            "foodPortionSizeUnit": "20",
            "foodMinimumOrderQty": "45",
            "foodAdditionalInfo": "ointro",
            "foodAdditionalTags": ["A", "B", "C"],
            "foodExpiryTime": "Wednesday, February 8, 2023",
            "foodAvailableDays": ["A", "B", "C"],
            "foodAvailableSameDaysEachWeek": true,
            "foodOrderBeforeTime": "Wednesday, February 8, 2023",
            "foodRating": "5",
            "status": true,
            "foodLabel": ["A", "B", "C"],
            "customerRequestedFoodQty": "23",
            "customerDesireDeliveryDate": "Wednesday, February 8, 2023",
            "customerDesireDeliveryTime": "Wednesday, February 8, 2023",
            "createdBy": "Rahul",
            "updatedBy": "Raj",
            "BSR": 1,
            "createdDate": "2023-02-23T07:02:40.575Z",
            "updatedDate": "2023-02-23T07:02:40.575Z"
          }
        ]
      ]
    },
    {
      "_id": "63f711745943af567005ca16",
      "countryName": "Bangladesh",
      "groups": [
        [
          {
            "_id": "63f712f35943af567005ca1e",
            "customerID": "63e7521cd7cf295bf793a466",
            "countryID": "63f711745943af567005ca16",
            "sellerID": "63e7521cd7cf295bf793a466",
            "foodTypeID": "63e7521cd7cf295bf793a466",
            "categoryID": "63e72db7f295d85c4446d648",
            "foodName": "Go",
            "foodSlug": "http",
            "foodImage": "img",
            "foodThumb": "thum",
            "foodVideo": "url",
            "foodQty": "4",
            "foodPrice": "550",
            "foodDiscountPrice": "120",
            "foodDiscountPercentage": "30",
            "foodDiscountStartDate": "Wednesday, February 8, 2023",
            "foodDiscountEndDate": "Wednesday, February 8, 2023",
            "foodPortionSize": 7,
            "foodPortionSizeUnit": "20",
            "foodMinimumOrderQty": "45",
            "foodAdditionalInfo": "ointro",
            "foodAdditionalTags": ["A", "B", "C"],
            "foodExpiryTime": "Wednesday, February 8, 2023",
            "foodAvailableDays": ["A", "B", "C"],
            "foodAvailableSameDaysEachWeek": true,
            "foodOrderBeforeTime": "Wednesday, February 8, 2023",
            "foodRating": "5",
            "status": true,
            "foodLabel": ["A", "B", "C"],
            "customerRequestedFoodQty": "23",
            "customerDesireDeliveryDate": "Wednesday, February 8, 2023",
            "customerDesireDeliveryTime": "Wednesday, February 8, 2023",
            "createdBy": "Rahul",
            "updatedBy": "Raj",
            "BSR": 1,
            "createdDate": "2023-02-23T07:02:40.575Z",
            "updatedDate": "2023-02-23T07:02:40.575Z"
          },
          {
            "_id": "63f712f65943af567005ca20",
            "customerID": "63e7521cd7cf295bf793a466",
            "countryID": "63f711745943af567005ca16",
            "sellerID": "63e7521cd7cf295bf793a466",
            "foodTypeID": "63e7521cd7cf295bf793a466",
            "categoryID": "63e72db7f295d85c4446d648",
            "foodName": "Go",
            "foodSlug": "http",
            "foodImage": "img",
            "foodThumb": "thum",
            "foodVideo": "url",
            "foodQty": "4",
            "foodPrice": "550",
            "foodDiscountPrice": "120",
            "foodDiscountPercentage": "30",
            "foodDiscountStartDate": "Wednesday, February 8, 2023",
            "foodDiscountEndDate": "Wednesday, February 8, 2023",
            "foodPortionSize": 7,
            "foodPortionSizeUnit": "20",
            "foodMinimumOrderQty": "45",
            "foodAdditionalInfo": "ointro",
            "foodAdditionalTags": ["A", "B", "C"],
            "foodExpiryTime": "Wednesday, February 8, 2023",
            "foodAvailableDays": ["A", "B", "C"],
            "foodAvailableSameDaysEachWeek": true,
            "foodOrderBeforeTime": "Wednesday, February 8, 2023",
            "foodRating": "5",
            "status": true,
            "foodLabel": ["A", "B", "C"],
            "customerRequestedFoodQty": "23",
            "customerDesireDeliveryDate": "Wednesday, February 8, 2023",
            "customerDesireDeliveryTime": "Wednesday, February 8, 2023",
            "createdBy": "Rahul",
            "updatedBy": "Raj",
            "BSR": 1,
            "createdDate": "2023-02-23T07:02:40.575Z",
            "updatedDate": "2023-02-23T07:02:40.575Z"
          }
        ]
      ]
    }
  ]
}
